interview_id,sector,delegation,activity_type,source_file,preocupacion_principal,causas_biofisicas,causas_socio_institucionales,causas_uso_de_suelo,causas_infraestructurales,consecuencias,acciones
MC031915_OTR,Otro/ONG,Magdalena Contreras,int,C:\Users\Usuario\Desktop\MEGADAPT\LLMs-ModelosMentales\TRANSCRIPCIONES\Transcripciones_MC\MC031915_OTR__T-MC031915_otr.docx,"La preocupación central es la escasez y el tandeo de agua debido al crecimiento urbano, sumado al mal estado de la infraestructura vieja que genera fugas y a la falta de transparencia de la delegación sobre obras que desvían el agua a zonas residenciales.",Disponibilidad limitada de agua de manantial u ojos de agua locales ante el aumento poblacional.,"Falta de información y transparencia por parte de la delegación sobre el propósito de las obras de tubos de agua.
Lentitud y tardanza de la delegación y del Sistema de Aguas en atender los reportes de fugas y desperdicio de agua.
Uso clientelar de la mejora del suministro de agua durante periodos de campañas electorales.","Expropiación e intensa urbanización de las parcelas ejidales desde los años 1980 debido a la alta demanda de vivienda.
Pérdida de suelo agrícola y expansión de la mancha urbana por la venta de terrenos ejidales.","Tuberías muy viejas de distribución (con más de 45 años de antigüedad) que provocan frecuentes fugas.
Tanques de almacenamiento sin bomba o sistema de cierre automático, provocando que el agua se tire durante horas al llenarse.","Servicio de agua por tandeo, teniendo periodos de dos a tres días continuos sin suministro.
Gasto económico familiar para la construcción de cisternas y la compra de agua en garrafones.
Desperdicio recurrente de grandes volúmenes de agua potable por fugas y tanques desbordados.
Inconformidad, desconfianza y movilización comunitaria ante el temor de perder volumen de agua en beneficio de zonas residenciales.","Ejidatarios: Realizaron faenas en el pasado para apoyar físicamente en la introducción del agua potable y el drenaje.
Ejidatarios: Construyeron dos mil tinas ciegas para captar agua de lluvia y recargar los mantos acuíferos.
Ejidatarios: Utilizan sistemas de captación de agua de lluvia para regar su invernadero de jitomate orgánico.
Comisiones del Pueblo de San Bernabé: Solicitaron información formal al Jefe de Gobierno y a la delegación, además de convocar a asambleas informativas.
Delegación / Sistema de Aguas: Maneja y distribuye el suministro de agua mediante el sistema de tandeo entre las colonias.
Delegación: Realiza obras de sustitución/introducción de tuberías y atiende fugas reportadas por la comunidad.
Vecinos: Construyen cisternas y colocan tinacos en sus viviendas para almacenar agua.
Vecinos: Compran garrafones de agua para hacer frente a los días sin servicio por tandeo.
Vecinos: Reportan las fugas y el desborde de tanques a la línea de Atención Ciudadana."
MC032415_GOB,Gobierno,Magdalena Contreras,int,C:\Users\Usuario\Desktop\MEGADAPT\LLMs-ModelosMentales\TRANSCRIPCIONES\Transcripciones_MC\MC032415_GOB__T-MC032415_GOV.docx,La preocupación principal radica en el desabasto progresivo de agua y las dificultades para garantizar una distribución equitativa debido al envejecimiento de la infraestructura y el crecimiento urbano. Esta situación se agrava por la pérdida de agua en fugas masivas y por la parálisis de obras de modernización causada por la oposición vecinal fundada en desinformación.,"Disminución del caudal en manantiales y fuentes de abastecimiento durante la temporada de estiaje.
Deforestación por tala clandestina en la parte alta del bosque que afecta la recarga de los mantos acuíferos.
Arrastre de lodo, basura y ramas hacia el río Magdalena y las cajas de captación durante la temporada de lluvias.","Desconfianza y oposición vecinal o de grupos comuneros hacia obras hidráulicas por la creencia de que el agua se trasvasará a otras zonas.
Limitaciones presupuestales asignadas anualmente por el Gobierno Central para obras de infraestructura.
Fallas continuas en el suministro eléctrico que suspenden el rebombeo hacia los tanques de las partes altas.
Falta de conciencia ambiental por parte de visitantes y santeros que arrojan residuos y contaminan las fuentes de agua.","Crecimiento de la mancha urbana y densificación de viviendas (condominios) que incrementan sustancialmente la demanda de agua.
Pavimentación excesiva con concreto que impide la filtración de agua de lluvia al subsuelo.
Surgimiento de asentamientos de reciente creación que carecen de red de infraestructura hidráulica.","Tuberías antiguas de plomo, asbesto cemento y fierro galvanizado que superan los 40 años de vida útil y generan sarro y fugas constantes.
Ausencia de presas de almacenamiento para captar y aprovechar el agua pluvial que se pierde en temporada de lluvias.
Taponamiento recurrente de los filtros y rejillas de las plantas potabilizadoras por acumulación de lodo y desperdicios.
Capacidad insuficiente de tanques de almacenamiento antiguos frente a la escala poblacional actual.","Necesidad de racionar el abastecimiento de agua a la población mediante esquemas de tandeo y reparto a través de pipas.
Pérdida masiva de agua por fugas en tuberías deterioradas y por vertimiento del excedente pluvial no capturado.
Suspensión o demora de obras de sustitución de redes debido al bloqueo e inconformidad de las comunidades locales.
Interrupciones temporales en la operación de plantas potabilizadoras y de rebombeo por acumulación de lodo o cortes de luz.","Subdirección de Operación Hidráulica: Distribuye agua potable a las 48 colonias mediante red continua, esquemas de tandeo y servicio gratuito de pipas.
Subdirección de Operación Hidráulica: Mantiene un programa permanente de reparación de fugas, sustitución de ramales, tomas tapadas y desinfección de tanques junto con SACMEX.
Dirección Técnica de Obras y SACMEX: Ejecutan la sustitución de tuberías antiguas de plomo y asbesto por polietileno de alta densidad.
CFE: Instala transformadores locales en estaciones de rebombeo para estabilizar el suministro eléctrico y evitar pérdidas de agua.
Delegación y Sistema de Aguas: Llevan a cabo reuniones de concertación con vecinos y comuneros para informar sobre los proyectos y resolver oposiciones.
Televisoras y sociedad civil: Realizan jornadas temporales de limpieza y mantenimiento en el cauce del río Magdalena.
SACMEX: Monitorea la calidad del agua y opera cloradoras locales en los sistemas de rebombeo y garzas de carga."
MC032515_GOB,Gobierno,Magdalena Contreras,int,C:\Users\Usuario\Desktop\MEGADAPT\LLMs-ModelosMentales\TRANSCRIPCIONES\Transcripciones_MC\MC032515_GOB__T-MC032515_GOV.docx,"El riesgo constante de deslizamientos de talud e inundaciones en la delegación Magdalena Contreras debido a las lluvias intensas sobre una orografía montañosa, problema que se ve agravado por la proliferación de asentamientos irregulares que cortan laderas y la tala inmoderada de árboles.","Orografía de montaña con laderas pronunciadas
Precipitaciones de alta intensidad y volumen concentradas en la zona
Suelo compuesto de arcilla que se satura y se reblandece fácilmente con la humedad
Incendios forestales que secan vegetación y erosionan el terreno","Imposibilidad legal de realizar obras formales de mitigación en asentamientos irregulares para no legitimar la propiedad
Falta de personal especializado como geólogos a nivel delegacional para realizar estudios de mecánica de suelos
Aspectos culturales de la población de tirar basura en ríos y barrancas","Crecimiento de asentamientos irregulares en zonas de cerros, ríos y barrancas
Cortes inestables al cerro y terraceo inadecuado para la construcción de viviendas o agricultura
Deforestación, poda sin control y quema de raíces de árboles por parte de residentes para ganar terreno","Uso de letrinas y descargas directas de aguas residuales hacia barrancas o al suelo sin canalización
Obstrucción de la red de drenaje y rejillas por acumulación de granizo, hojas y basura
Capacidad insuficiente de la estructura hidráulica ante lluvias extraordinarias
Viviendas construidas por debajo del nivel de la carretera
Sustracción de rejillas del drenaje pluvial","Deslizamientos de talud y desprendimiento de laderas
Inundaciones y encharcamientos en domicilios y zonas urbanas
Desbordamiento de barrancas
Daños materiales a las viviendas y pertenencias de la población
Riesgos de contaminación e infecciones sanitarias por contacto con agua residual o encharcada
Degradación y erosión del suelo natural","Protección Civil: Emite opiniones técnicas y notifica por escrito a los residentes sobre las condiciones de alto riesgo y medidas preventivas.
Protección Civil: Realiza recorridos de inspección, monitoreo constante de ríos y barrancas, y cubre taludes inestables con plástico de polipropileno.
Protección Civil: Actúa en emergencias dividiendo el personal en 4 grupos operativos para destapar coladeras y achicar agua en viviendas inundadas.
Protección Civil: Imparte talleres y distribuye trípticos informativos para promover la cultura de la prevención en sismos, lluvias e incendios.
Delegación (Ecología y Obras): Ejecuta programas de desazolve del drenaje y jornadas de limpieza para retirar basura, llantas y escombros de ríos y barrancas.
Delegación (Tenencia de la Tierra): Efectúa recorridos de vigilancia para frenar el crecimiento de asentamientos irregulares y retirar construcciones no autorizadas.
Jurisdicción Sanitaria: Realiza labores de evacuación sanitaria, desinfección con cloro y cal en viviendas afectadas y aplica vacunas a la población.
Vecinos: Modifican y cortan cerros para construir viviendas sin técnica de canalización adecuada.
Vecinos: Arrojan residuos sólidos y basura en ríos y barrancas."
